Workbook

Sheet Analytics Events
A1: AquaMind — Analytics Event Catalogue
A2: Source: lib/utils/analytics.dart, docs/analytics_spec.md, lib/utils/route_analytics.dart, lib/tour/
A4: Category | B4: Type | C4: Event / Property Name | D4: Parameters | E4: Values | F4: Fires From | G4: Status
A5: User properties | B5: User property | C5: language | D5: - | E5: locale key (en_US, vi, ...) | F5: LanguagesController.changeLanguage | G5: Wired
A6: User properties | B6: User property | C6: theme | D6: - | E6: light / dark / system | F6: SettingsController.loadSettings | G6: Wired
A7: User properties | B7: User property | C7: volume_unit | D7: - | E7: ml / oz | F7: SettingsController.loadSettings | G7: Wired
A8: User properties | B8: User property | C8: weight_unit | D8: - | E8: kg / lb | F8: SettingsController.loadSettings | G8: Wired
A9: User properties | B9: User property | C9: gender | D9: - | E9: male / female | F9: UserProfileController.saveProfile | G9: Wired
A10: User properties | B10: User property | C10: daily_goal_bucket | D10: - | E10: goal band (e.g. 2000-2499) | F10: UserProfileController.saveProfile | G10: Wired
A11: User properties | B11: User property | C11: reminder_enabled | D11: - | E11: 0 / 1 | F11: ReminderController.saveSettings | G11: Wired
A12: User properties | B12: User property | C12: reminder_mode | D12: - | E12: standard / interval / custom | F12: ReminderController.saveSettings | G12: Wired
A13: User properties | B13: User property | C13: perm_notification | D13: - | E13: allow_1 / allow_0 | F13: Defined - not yet called | G13: Not yet wired
A14: User properties | B14: User property | C14: health_connect_enabled | D14: - | E14: 0 / 1 | F14: SettingsController.loadSettings | G14: Wired
A15: User properties | B15: User property | C15: is_premium | D15: - | E15: 0 / 1 | F15: Defined - not yet called | G15: Not yet wired
... A102: Guided tour | B102: Event | C102: tour_today_step1_close_tap / step2_close_tap / step3_close_tap | D102: variant | E102: pulse / plain | F102: TourController.skip, the X button at any step | G102: Wired

Sheet Summary
A1: AquaMind Analytics — Summary
A3: Category | B3: Events | C3: Wired | D3: Not yet wired
A4: User properties | B4: =COUNTIF('Analytics Events'!A5:A102,A4) | C4: =COUNTIFS('Analytics Events'!A5:A102,A4,'Analytics Events'!G5:G102,"Wired") | D4: =COUNTIFS('Analytics Events'!A5:A102,A4,'Analytics Events'!G5:G102,"Not yet wired")
A5: App lifecycle | B5: =COUNTIF('Analytics Events'!A5:A102,A5) | C5: =COUNTIFS('Analytics Events'!A5:A102,A5,'Analytics Events'!G5:G102,"Wired") | D5: =COUNTIFS('Analytics Events'!A5:A102,A5,'Analytics Events'!G5:G102,"Not yet wired")
A6: Onboarding | B6: =COUNTIF('Analytics Events'!A5:A102,A6) | C6: =COUNTIFS('Analytics Events'!A5:A102,A6,'Analytics Events'!G5:G102,"Wired") | D6: =COUNTIFS('Analytics Events'!A5:A102,A6,'Analytics Events'!G5:G102,"Not yet wired")
A7: Navigation | B7: =COUNTIF('Analytics Events'!A5:A102,A7) | C7: =COUNTIFS('Analytics Events'!A5:A102,A7,'Analytics Events'!G5:G102,"Wired") | D7: =COUNTIFS('Analytics Events'!A5:A102,A7,'Analytics Events'!G5:G102,"Not yet wired")
A8: Today | B8: =COUNTIF('Analytics Events'!A5:A102,A8) | C8: =COUNTIFS('Analytics Events'!A5:A102,A8,'Analytics Events'!G5:G102,"Wired") | D8: =COUNTIFS('Analytics Events'!A5:A102,A8,'Analytics Events'!G5:G102,"Not yet wired")
A9: History | B9: =COUNTIF('Analytics Events'!A5:A102,A9) | C9: =COUNTIFS('Analytics Events'!A5:A102,A9,'Analytics Events'!G5:G102,"Wired") | D9: =COUNTIFS('Analytics Events'!A5:A102,A9,'Analytics Events'!G5:G102,"Not yet wired")
A10: Streak | B10: =COUNTIF('Analytics Events'!A5:A102,A10) | C10: =COUNTIFS('Analytics Events'!A5:A102,A10,'Analytics Events'!G5:G102,"Wired") | D10: =COUNTIFS('Analytics Events'!A5:A102,A10,'Analytics Events'!G5:G102,"Not yet wired")
A11: Reminder | B11: =COUNTIF('Analytics Events'!A5:A102,A11) | C11: =COUNTIFS('Analytics Events'!A5:A102,A11,'Analytics Events'!G5:G102,"Wired") | D11: =COUNTIFS('Analytics Events'!A5:A102,A11,'Analytics Events'!G5:G102,"Not yet wired")
A12: Settings | B12: =COUNTIF('Analytics Events'!A5:A102,A12) | C12: =COUNTIFS('Analytics Events'!A5:A102,A12,'Analytics Events'!G5:G102,"Wired") | D12: =COUNTIFS('Analytics Events'!A5:A102,A12,'Analytics Events'!G5:G102,"Not yet wired")
A13: Avatar | B13: =COUNTIF('Analytics Events'!A5:A102,A13) | C13: =COUNTIFS('Analytics Events'!A5:A102,A13,'Analytics Events'!G5:G102,"Wired") | D13: =COUNTIFS('Analytics Events'!A5:A102,A13,'Analytics Events'!G5:G102,"Not yet wired")
A14: AI chat | B14: =COUNTIF('Analytics Events'!A5:A102,A14) | C14: =COUNTIFS('Analytics Events'!A5:A102,A14,'Analytics Events'!G5:G102,"Wired") | D14: =COUNTIFS('Analytics Events'!A5:A102,A14,'Analytics Events'!G5:G102,"Not yet wired")
A15: Auth | B15: =COUNTIF('Analytics Events'!A5:A102,A15) | C15: =COUNTIFS('Analytics Events'!A5:A102,A15,'Analytics Events'!G5:G102,"Wired") | D15: =COUNTIFS('Analytics Events'!A5:A102,A15,'Analytics Events'!G5:G102,"Not yet wired")
A16: Premium | B16: =COUNTIF('Analytics Events'!A5:A102,A16) | C16: =COUNTIFS('Analytics Events'!A5:A102,A16,'Analytics Events'!G5:G102,"Wired") | D16: =COUNTIFS('Analytics Events'!A5:A102,A16,'Analytics Events'!G5:G102,"Not yet wired")
A17: Guided tour | B17: =COUNTIF('Analytics Events'!A5:A102,A17) | C17: =COUNTIFS('Analytics Events'!A5:A102,A17,'Analytics Events'!G5:G102,"Wired") | D17: =COUNTIFS('Analytics Events'!A5:A102,A17,'Analytics Events'!G5:G102,"Not yet wired")
A18: Total | B18: =SUM(B4:B17) | C18: =SUM(C4:C17) | D18: =SUM(D4:D17)
